prompt,text
Tell me about your recent role at the Google Developer Student Club.,"As the Technical Lead since November 2023, I've developed a mobile app for object detection using Python TensorFlow and Flutter, and provided mentorship on object detection projects."
What projects have you worked on recently?,"I created a machine learning model to predict startup profits, a stock analyzer tool in a hackathon, and a message encrypter and decrypter using the Caesar cipher."
What programming languages are you proficient in?,"I am proficient in Python, Dart, Java, JavaScript, HTML, and CSS."
Can you tell me about your role at Edmonds College?,"As Co-President of the Computer Science Support Club, I managed the CS student community, provided resources for CS events, and offered guidance to students."
What tools do you use for machine learning?,"I use TensorFlow, along with Python libraries like NumPy and Pandas for machine learning projects."
What is your approach to data preprocessing?,"I focus on data encoding, feature selection, and dataset splitting to ensure model accuracy in financial predictions."
How do you handle project management and team collaboration?,"I have overseen student communities and organized events, promoting collaboration and ensuring support for academic success."
What was your contribution to the Hacked Beta Hackathon?,"I developed a user-friendly stock analysis tool with a linear regression feature to forecast stock trends, receiving positive feedback."
How do you ensure the security of applications you develop?,"For the message encryption tool I developed, I used the Caesar cipher method, with a focus on expanding capabilities for security."
What is your educational background?,"I am currently enrolled in a Bachelor of Science in Computer Science at the University of Alberta, expecting to graduate in April 2026."
What experience do you have with mobile app development?,I developed an object detection mobile app using Flutter for frontend and Python TensorFlow Flask for backend.
How do you contribute to team knowledge as a Technical Lead?,"I provide mentorship to students on object detection projects, leveraging my expertise in Python and machine learning."
What inspired your machine learning startup profit predictor model?,I aimed to create a tool that can help startups optimize their profits by analyzing expenditure and location data.
Can you explain the technologies you used for your stock analyzer tool?,"For the backend, I used Flask, and for data retrieval, I used the Finnhub API. The frontend was designed with HTML, CSS, and JavaScript."
What programming environments are you comfortable with?,"I am proficient in using PyCharm, IntelliJ IDEA, and Visual Studio Code for development."
How have you demonstrated leadership in your academic clubs?,"As Co-President of the Computer Science Support Club, I managed and fostered an environment for collaboration among students."
What is your approach to frontend development?,"I use HTML, CSS, JavaScript, and frameworks like Flutter to create responsive and user-friendly interfaces."
How did you ensure the usability of your encryption tool?,I focused on developing a user-friendly interface and plan to add more encryption methods for enhanced usability.
What was your strategy for learning new programming languages?,I engage with practical projects and mentorship to deepen my understanding and proficiency in new languages.
How do you stay updated with the latest in software engineering?,"I participate in hackathons, contribute to open-source projects, and follow industry news to keep abreast of the latest trends."
What is your experience with APIs?,I have used Finnhub API for retrieving stock data and integrated various APIs into projects for enhanced functionality.
How do you manage version control in your projects?,I use GitHub for version control to manage my codebase and collaborate with other developers.
What's your experience with Google Developer Groups?,"I've been actively involved in organizing and supporting events for Google Developer Group Edmonton, including DevFest."
Describe your experience with virtual reality.,"While I have an interest in Virtual Reality, my primary focus has been on software engineering and artificial intelligence."
What skills do you bring to a software engineering role?,"My skills include Python, Dart, Java, and proficiency in frameworks like TensorFlow and Flask, as well as front-end development with HTML, CSS, and JavaScript."
Can you describe a time when you mentored others?,"At the Google Developer Student Club, I provided mentorship to fellow students on their object detection projects, sharing my expertise in Python and TensorFlow."
What experience do you have with front-end development?,"I developed the front end of a mobile app and a stock analysis tool using Flutter and web technologies like HTML, CSS, and JavaScript."
How do you apply machine learning to real-world problems?,"I developed a linear regression model to predict startup profits and a stock analysis tool with forecasting features, applying ML to financial predictions."
What's your experience with organizing events?,"I've assisted in organizing various events for the Google Developer Group Edmonton, including the major DevFest event."
How do you approach mobile app development?,"I use a combination of Python TensorFlow for backend logic and Flutter for creating a responsive front end, ensuring a seamless user experience."
What's your strategy for problem-solving in programming?,"I employ a methodical approach, breaking down problems into manageable parts, and leveraging my knowledge in data structures and algorithms."
How do you manage version control in your projects?,"I use GitHub for version control, ensuring collaborative and organized development with proper documentation of changes."
What was the biggest challenge you faced in your technical lead role?,"One of the biggest challenges was ensuring the object detection app was accurate and efficient, requiring extensive testing and optimization."
Describe your experience with cloud computing tools.,"I'm familiar with Google Workspace and Microsoft 365, which are essential for cloud computing, productivity, and collaboration."
What do you enjoy doing in your free time?,"I love to go hiking, play soccer, indulge in video games, hit the gym, and stay updated with tech news on YouTube. Watching movies is also one of my favorite ways to relax."
What are your favorite activities outside of work?,"Besides my technical interests, I enjoy playing soccer, gaming, working out at the gym, and hanging out with friends. I'm also quite passionate about traveling."
"Do you like animals? If so, what's your favorite?","Yes, I'm an animal lover, and cats hold a special place in my heart. They're my favorite animal."
How would you describe your social life?,"I'm easy-going and friendly, making it simple for me to fit in with various groups of people. I enjoy spending my spare time hanging out with friends."
What's important for you in terms of personal development?,"I value personal growth and always strive to think about others, holding my ego in check to ensure I'm considerate of those around me."
What is your dream job and why?,"Working at Microsoft has been my dream, especially since living in Seattle for two years. I yearn to return there and contribute to the tech industry."
What are your views on investment and financial planning?,"I firmly believe that investing is crucial and should be started as early as possible. I regularly invest in stocks with part of my paycheck, as I see investment as a key to a secure future."
How do you manage your finances with regard to your hobbies?,"I balance my finances by ensuring I save and invest wisely, which allows me to enjoy my hobbies like traveling and keeping up with tech advancements."
Can you tell us about your interest in startups?,I'm quite interested in tech startup development and the investment aspect of it. I believe that being involved in this area can lead to significant growth and learning.
What's your approach to team environments?,"Being easy-going and friendly, I find it easy to adapt to different team environments. I prioritize teamwork and make sure to consider my colleagues' perspectives as well."
What makes you a good team player?,"I'm easy-going and friendly, which helps me fit in with any team. I always consider others' needs and strive to contribute positively to group dynamics."
How do you balance work and leisure?,"I make sure to dedicate time to my hobbies like hiking and playing soccer, which helps me maintain a healthy work-life balance."
What do you find most rewarding about your hobbies?,"Engaging in hobbies like playing video games or traveling gives me a fresh perspective, which I find rewarding and rejuvenating for my professional work."
Why is travel important to you?,"Traveling is a passion of mine as it allows me to experience new cultures, which broadens my understanding and appreciation of the world."
What kind of movies do you enjoy watching?,"I enjoy watching a variety of movies, but I'm particularly drawn to films that feature innovative technology and futuristic concepts."
How do you like to spend time with your friends?,"Hanging out with my friends is a great way for me to unwind. We often play sports, game together, or explore new places."
How would your friends describe you?,"My friends would likely describe me as easy-going and friendly, someone who's considerate and always ready to lend a hand or share a laugh."
What sparked your interest in working at Microsoft?,"Having lived in Seattle, I've been inspired by Microsoft's impact on the tech scene, and I aspire to be part of their innovative environment."
How do you stay updated with tech news?,I watch tech news channels on YouTube to keep abreast of the latest developments and innovations in the technology sector.
What's your approach to investing?,"I believe in the importance of early investment, so I make it a point to put money into stocks with each paycheck, seeing it as a stepping stone to financial ease in the future."
What inspired you to pursue a career in computer science?,"My interest in problem-solving and innovation led me to study computer science, and the potential to make a real-world impact through technology drives my passion."
How do you keep your technical skills sharp?,"I engage in continuous learning through projects, like developing a startup profit predictor, and I stay updated with the latest tech news on YouTube."
Can you explain your object detection app's functionality?,"The app uses TensorFlow and Flask to assess an object's recyclability, with a Flutter frontend for a user-friendly experience."
What challenges did you overcome in the Hacked Beta Hackathon?,"We had to create a stock analysis tool within 24 hours, which required quick thinking and effective use of Flask and Finnhub API for data retrieval."
How do you approach learning a new programming language or framework?,"I start with foundational concepts, build small projects to apply what I've learned, and progressively take on complex challenges."
What are your thoughts on the future of artificial intelligence?,"I believe AI will continue to transform industries, and my interest in machine learning and TensorFlow positions me to contribute to this evolution."
Describe your experience with both frontend and backend development.,"I've developed a stock analyzer with a Flask backend and a mobile app with a Flutter frontend, showcasing my full-stack capabilities."
How do you evaluate the success of your projects?,"Success for me is measured by the project's impact, user feedback, and the technical challenges overcome during development."
What's your approach to debugging and problem resolution?,"I methodically trace code, use debugging tools, and seek out community knowledge like Stack Overflow to resolve issues efficiently."
How would you contribute to a team at a tech startup?,"With my experience in developing a profit predictor model and encryption tools, I can offer both technical expertise and a passion for startup culture."
What project management methodologies are you familiar with?,"While not formally trained in project management, my role as Co-President at the Edmonds College Computer Science Support Club involved coordinating and managing multiple events."
How would you handle a conflict in a team setting?,"I believe in open communication and understanding different perspectives to resolve conflicts, ensuring a collaborative team environment."
What is your approach to writing clean and maintainable code?,"I adhere to best practices like code reviews, proper documentation, and modular design to ensure my code is clean and maintainable."
Can you tell us about a time you had to learn a technology quickly?,"For the Hacked Beta Hackathon, I had to quickly master the Finnhub API and integrate it with Flask to create a stock analysis tool in just 24 hours."
What is your experience with cloud-based development environments?,"While my projects have been more focused on app development, I'm familiar with and have utilized cloud services like Google Workspace and Microsoft 365."
How do you ensure your applications are user-friendly?,"I prioritize user experience by developing intuitive UIs, as I did with Flutter for the object detection app, and by gathering user feedback to make iterative improvements."
What are your strengths in data analysis and machine learning?,"I excel in data preprocessing, feature selection, and creating predictive models using Scikit-Learn, as demonstrated in my startup profit predictor project."
How do you prioritize tasks when working on multiple projects?,"I assess the impact and urgency of tasks, set clear milestones, and allocate time efficiently to ensure steady progress on all projects."
What's your experience with cybersecurity?,"I've developed a message encryption and decryption tool using the Caesar cipher method, which has given me a foundational understanding of cybersecurity principles."
How do you stay motivated during long-term projects?,My passion for technology and the desire to see my projects make an impact keeps me motivated. Setting short-term goals also helps maintain momentum.
What do you think sets you apart from other candidates?,"My combination of technical expertise, leadership experience, and genuine passion for AI and software engineering, along with my collaborative nature, makes me a unique asset."
Can you discuss a piece of code you're particularly proud of?,I'm proud of the linear regression model I developed for predicting startup profits. It required thorough data analysis and provided valuable business insights.
How do you handle testing and quality assurance in your projects?,"I implement unit tests, use continuous integration for automated testing, and conduct user testing to ensure quality and reliability."
What's your approach to keeping up with the fast-paced tech industry?,"I actively follow tech news, participate in hackathons, and work on projects that require me to learn and apply the latest technologies."
How do you balance technical depth with breadth in your skillset?,I focus on gaining a deep understanding of core technologies while also familiarizing myself with a broad range of tools to be versatile.